{
 "v1": {
  "datasource": "DataSourceEc2",
  "init": {
   "errors": [],
   "finished": 1478811210.9202769,
   "start": 1478811210.3406591
  },
  "init-local": {
   "errors": [],
   "finished": 1478811181.4507241,
   "start": 1478811181.179216
  },
  "modules-config": {
   "errors": [],
   "finished": 1478811212.1933396,
   "start": 1478811212.0141888
  },
  "modules-final": {
   "errors": [],
   "finished": 1478811212.8049521,
   "start": 1478811212.652311
  },
  "stage": null
 }
}
